{
	"info": {
		"_postman_id": "d36d5c93-7d05-4cf1-94a5-d3cda3b39ff7",
		"name": "TechnicalChallengePostMan",
		"schema": "https://schema.getpostman.com/json/collection/v2.1.0/collection.json"
	},
	"item": [
		{
			"name": "grouopscount",
			"request": {
				"method": "POST",
				"header": [],
				"body": {
					"mode": "raw",
					"raw": "{\r\n\"matrix\" : [\r\n[1, 1, 0, 0, 0, 0],\r\n[0, 1, 0, 0, 0, 0],\r\n[1, 0, 1, 0, 0, 0],\r\n[0, 0, 0, 0, 1, 0],\r\n[0, 0, 0, 0, 0, 1],\r\n[1, 1, 0, 1, 0, 0],\r\n[1, 1, 0, 1, 1, 1]\r\n]\r\n}",
					"options": {
						"raw": {
							"language": "json"
						}
					}
				},
				"url": {
					"raw": "https://localhost:44367/api/patient-groups/GetGroupsCount",
					"protocol": "https",
					"host": [
						"localhost"
					],
					"port": "44367",
					"path": [
						"api",
						"patient-groups",
						"GetGroupsCount"
					]
				}
			},
			"response": []
		}
	]
}